<?xml version="1.0" encoding="UTF-8"?>
<GenRun Id="impl_1" LaunchPart="xc7a100tcsg324-1" LaunchTime="1574054529">
  <File Type="BITSTR-BMM" Name="top_mod_TxRx_bd.bmm"/>
  <File Type="OPT-METHODOLOGY-DRC" Name="top_mod_TxRx_methodology_drc_opted.rpt"/>
  <File Type="INIT-TIMING" Name="top_mod_TxRx_timing_summary_init.rpt"/>
  <File Type="ROUTE-PWR" Name="top_mod_TxRx_power_routed.rpt"/>
  <File Type="PA-TCL" Name="top_mod_TxRx.tcl"/>
  <File Type="OPT-TIMING" Name="top_mod_TxRx_timing_summary_opted.rpt"/>
  <File Type="OPT-DCP" Name="top_mod_TxRx_opt.dcp"/>
  <File Type="ROUTE-PWR-SUM" Name="top_mod_TxRx_power_summary_routed.pb"/>
  <File Type="REPORTS-TCL" Name="top_mod_TxRx_reports.tcl"/>
  <File Type="OPT-DRC" Name="top_mod_TxRx_drc_opted.rpt"/>
  <File Type="OPT-HWDEF" Name="top_mod_TxRx.hwdef"/>
  <File Type="PWROPT-DCP" Name="top_mod_TxRx_pwropt.dcp"/>
  <File Type="PWROPT-DRC" Name="top_mod_TxRx_drc_pwropted.rpt"/>
  <File Type="PWROPT-TIMING" Name="top_mod_TxRx_timing_summary_pwropted.rpt"/>
  <File Type="PLACE-DCP" Name="top_mod_TxRx_placed.dcp"/>
  <File Type="PLACE-IO" Name="top_mod_TxRx_io_placed.rpt"/>
  <File Type="PLACE-CLK" Name="top_mod_TxRx_clock_utilization_placed.rpt"/>
  <File Type="PLACE-UTIL" Name="top_mod_TxRx_utilization_placed.rpt"/>
  <File Type="PLACE-UTIL-PB" Name="top_mod_TxRx_utilization_placed.pb"/>
  <File Type="PLACE-CTRL" Name="top_mod_TxRx_control_sets_placed.rpt"/>
  <File Type="PLACE-SIMILARITY" Name="top_mod_TxRx_incremental_reuse_placed.rpt"/>
  <File Type="PLACE-PRE-SIMILARITY" Name="top_mod_TxRx_incremental_reuse_pre_placed.rpt"/>
  <File Type="BG-BGN" Name="top_mod_TxRx.bgn"/>
  <File Type="PLACE-TIMING" Name="top_mod_TxRx_timing_summary_placed.rpt"/>
  <File Type="POSTPLACE-PWROPT-DCP" Name="top_mod_TxRx_postplace_pwropt.dcp"/>
  <File Type="BG-BIN" Name="top_mod_TxRx.bin"/>
  <File Type="POSTPLACE-PWROPT-TIMING" Name="top_mod_TxRx_timing_summary_postplace_pwropted.rpt"/>
  <File Type="PHYSOPT-DCP" Name="top_mod_TxRx_physopt.dcp"/>
  <File Type="PHYSOPT-DRC" Name="top_mod_TxRx_drc_physopted.rpt"/>
  <File Type="BITSTR-MSK" Name="top_mod_TxRx.msk"/>
  <File Type="PHYSOPT-TIMING" Name="top_mod_TxRx_timing_summary_physopted.rpt"/>
  <File Type="ROUTE-ERROR-DCP" Name="top_mod_TxRx_routed_error.dcp"/>
  <File Type="ROUTE-DCP" Name="top_mod_TxRx_routed.dcp"/>
  <File Type="ROUTE-BLACKBOX-DCP" Name="top_mod_TxRx_routed_bb.dcp"/>
  <File Type="ROUTE-DRC" Name="top_mod_TxRx_drc_routed.rpt"/>
  <File Type="ROUTE-DRC-PB" Name="top_mod_TxRx_drc_routed.pb"/>
  <File Type="BITSTR-LTX" Name="debug_nets.ltx"/>
  <File Type="BITSTR-LTX" Name="top_mod_TxRx.ltx"/>
  <File Type="ROUTE-DRC-RPX" Name="top_mod_TxRx_drc_routed.rpx"/>
  <File Type="BITSTR-MMI" Name="top_mod_TxRx.mmi"/>
  <File Type="ROUTE-METHODOLOGY-DRC" Name="top_mod_TxRx_methodology_drc_routed.rpt"/>
  <File Type="ROUTE-METHODOLOGY-DRC-RPX" Name="top_mod_TxRx_methodology_drc_routed.rpx"/>
  <File Type="BITSTR-SYSDEF" Name="top_mod_TxRx.sysdef"/>
  <File Type="ROUTE-METHODOLOGY-DRC-PB" Name="top_mod_TxRx_methodology_drc_routed.pb"/>
  <File Type="ROUTE-PWR-RPX" Name="top_mod_TxRx_power_routed.rpx"/>
  <File Type="ROUTE-STATUS" Name="top_mod_TxRx_route_status.rpt"/>
  <File Type="ROUTE-STATUS-PB" Name="top_mod_TxRx_route_status.pb"/>
  <File Type="ROUTE-TIMINGSUMMARY" Name="top_mod_TxRx_timing_summary_routed.rpt"/>
  <File Type="ROUTE-TIMING-PB" Name="top_mod_TxRx_timing_summary_routed.pb"/>
  <File Type="ROUTE-TIMING-RPX" Name="top_mod_TxRx_timing_summary_routed.rpx"/>
  <File Type="ROUTE-SIMILARITY" Name="top_mod_TxRx_incremental_reuse_routed.rpt"/>
  <File Type="ROUTE-CLK" Name="top_mod_TxRx_clock_utilization_routed.rpt"/>
  <File Type="ROUTE-BUS-SKEW" Name="top_mod_TxRx_bus_skew_routed.rpt"/>
  <File Type="ROUTE-BUS-SKEW-PB" Name="top_mod_TxRx_bus_skew_routed.pb"/>
  <File Type="ROUTE-BUS-SKEW-RPX" Name="top_mod_TxRx_bus_skew_routed.rpx"/>
  <File Type="POSTROUTE-PHYSOPT-DCP" Name="top_mod_TxRx_postroute_physopt.dcp"/>
  <File Type="POSTROUTE-PHYSOPT-BLACKBOX-DCP" Name="top_mod_TxRx_postroute_physopt_bb.dcp"/>
  <File Type="POSTROUTE-PHYSOPT-TIMING" Name="top_mod_TxRx_timing_summary_postroute_physopted.rpt"/>
  <File Type="POSTROUTE-PHYSOPT-TIMING-PB" Name="top_mod_TxRx_timing_summary_postroute_physopted.pb"/>
  <File Type="POSTROUTE-PHYSOPT-TIMING-RPX" Name="top_mod_TxRx_timing_summary_postroute_physopted.rpx"/>
  <File Type="POSTROUTE-PHYSOPT-BUS-SKEW" Name="top_mod_TxRx_bus_skew_postroute_physopted.rpt"/>
  <File Type="POSTROUTE-PHYSOPT-BUS-SKEW-PB" Name="top_mod_TxRx_bus_skew_postroute_physopted.pb"/>
  <File Type="BG-BIT" Name="top_mod_TxRx.bit"/>
  <File Type="POSTROUTE-PHYSOPT-BUS-SKEW-RPX" Name="top_mod_TxRx_bus_skew_postroute_physopted.rpx"/>
  <File Type="BITSTR-RBT" Name="top_mod_TxRx.rbt"/>
  <File Type="BITSTR-NKY" Name="top_mod_TxRx.nky"/>
  <File Type="BG-DRC" Name="top_mod_TxRx.drc"/>
  <File Type="RDI-RDI" Name="top_mod_TxRx.vdi"/>
  <File Type="WBT-USG" Name="usage_statistics_webtalk.html"/>
  <FileSet Name="sources" Type="DesignSrcs" RelSrcDir="$PSRCDIR/sources_1">
    <Filter Type="Srcs"/>
    <File Path="$PSRCDIR/sources_1/new/COUNT.vhd">
      <FileInfo>
        <Attr Name="UsedIn" Val="synthesis"/>
        <Attr Name="UsedIn" Val="simulation"/>
      </FileInfo>
    </File>
    <File Path="$PSRCDIR/sources_1/new/END_MUX.vhd">
      <FileInfo>
        <Attr Name="UsedIn" Val="synthesis"/>
        <Attr Name="UsedIn" Val="simulation"/>
      </FileInfo>
    </File>
    <File Path="$PSRCDIR/sources_1/new/MUX_2x1.vhd">
      <FileInfo>
        <Attr Name="UsedIn" Val="synthesis"/>
        <Attr Name="UsedIn" Val="simulation"/>
      </FileInfo>
    </File>
    <File Path="$PSRCDIR/sources_1/new/SEG_7_ENC.vhd">
      <FileInfo>
        <Attr Name="UsedIn" Val="synthesis"/>
        <Attr Name="UsedIn" Val="simulation"/>
      </FileInfo>
    </File>
    <File Path="$PSRCDIR/sources_1/new/UART_RX.vhd">
      <FileInfo>
        <Attr Name="UsedIn" Val="synthesis"/>
        <Attr Name="UsedIn" Val="simulation"/>
      </FileInfo>
    </File>
    <File Path="$PSRCDIR/sources_1/new/UART_TX.vhd">
      <FileInfo>
        <Attr Name="UsedIn" Val="synthesis"/>
        <Attr Name="UsedIn" Val="simulation"/>
      </FileInfo>
    </File>
    <File Path="$PSRCDIR/sources_1/new/barrel_shift_mux.vhd">
      <FileInfo>
        <Attr Name="UsedIn" Val="synthesis"/>
        <Attr Name="UsedIn" Val="simulation"/>
      </FileInfo>
    </File>
    <File Path="$PSRCDIR/sources_1/new/top_mod_TxRx.vhd">
      <FileInfo>
        <Attr Name="UsedIn" Val="synthesis"/>
        <Attr Name="UsedIn" Val="simulation"/>
      </FileInfo>
    </File>
    <File Path="$PSRCDIR/sources_1/new/STD_FIFO.vhd">
      <FileInfo>
        <Attr Name="AutoDisabled" Val="1"/>
        <Attr Name="UsedIn" Val="synthesis"/>
        <Attr Name="UsedIn" Val="simulation"/>
      </FileInfo>
    </File>
    <File Path="$PSRCDIR/sources_1/new/counter_generic.vhd">
      <FileInfo>
        <Attr Name="AutoDisabled" Val="1"/>
        <Attr Name="UsedIn" Val="synthesis"/>
        <Attr Name="UsedIn" Val="simulation"/>
      </FileInfo>
    </File>
    <File Path="$PSRCDIR/sources_1/new/module_fifo_regs_no_flags.vhd">
      <FileInfo>
        <Attr Name="AutoDisabled" Val="1"/>
        <Attr Name="UsedIn" Val="synthesis"/>
        <Attr Name="UsedIn" Val="simulation"/>
      </FileInfo>
    </File>
    <File Path="$PSRCDIR/sources_1/new/seg_encoder.vhd">
      <FileInfo>
        <Attr Name="AutoDisabled" Val="1"/>
        <Attr Name="UsedIn" Val="synthesis"/>
        <Attr Name="UsedIn" Val="simulation"/>
      </FileInfo>
    </File>
    <File Path="$PSRCDIR/sources_1/new/top_display.vhd">
      <FileInfo>
        <Attr Name="AutoDisabled" Val="1"/>
        <Attr Name="UsedIn" Val="synthesis"/>
        <Attr Name="UsedIn" Val="simulation"/>
      </FileInfo>
    </File>
    <File Path="$PSRCDIR/sources_1/new/uart_rx_cir.vhd">
      <FileInfo>
        <Attr Name="AutoDisabled" Val="1"/>
        <Attr Name="UsedIn" Val="synthesis"/>
        <Attr Name="UsedIn" Val="simulation"/>
      </FileInfo>
    </File>
    <Config>
      <Option Name="DesignMode" Val="RTL"/>
      <Option Name="TopModule" Val="top_mod_TxRx"/>
    </Config>
  </FileSet>
  <FileSet Name="constrs_in" Type="Constrs" RelSrcDir="$PSRCDIR/constrs_1">
    <Filter Type="Constrs"/>
    <File Path="$PSRCDIR/constrs_1/new/uart.xdc">
      <FileInfo>
        <Attr Name="UsedIn" Val="synthesis"/>
        <Attr Name="UsedIn" Val="implementation"/>
      </FileInfo>
    </File>
    <Config>
      <Option Name="ConstrsType" Val="XDC"/>
    </Config>
  </FileSet>
  <FileSet Name="utils" Type="Utils" RelSrcDir="$PSRCDIR/utils_1">
    <Filter Type="Utils"/>
    <Config>
      <Option Name="TopAutoSet" Val="TRUE"/>
    </Config>
  </FileSet>
  <Strategy Version="1" Minor="2">
    <StratHandle Name="Vivado Implementation Defaults" Flow="Vivado Implementation 2019"/>
    <Step Id="init_design"/>
    <Step Id="opt_design"/>
    <Step Id="power_opt_design"/>
    <Step Id="place_design"/>
    <Step Id="post_place_power_opt_design"/>
    <Step Id="phys_opt_design"/>
    <Step Id="route_design"/>
    <Step Id="post_route_phys_opt_design"/>
    <Step Id="write_bitstream"/>
  </Strategy>
</GenRun>
